{
  "prepare_queue": {
    "installed": [],
    "uninstalled": []
  },
  "config_munge": {
    "files": {
      "res/xml/config.xml": {
        "parents": {
          "/*": [
            {
              "xml": "<feature name=\"ActionSheet\"><param name=\"android-package\" value=\"nl.xservices.plugins.actionsheet.ActionSheet\" /></feature>",
              "count": 1
            },
            {
              "xml": "<feature name=\"Camera\"><param name=\"android-package\" value=\"org.apache.cordova.camera.CameraLauncher\" /></feature>",
              "count": 1
            },
            {
              "xml": "<feature name=\"Device\"><param name=\"android-package\" value=\"org.apache.cordova.device.Device\" /></feature>",
              "count": 1
            },
            {
              "xml": "<feature name=\"Notification\"><param name=\"android-package\" value=\"org.apache.cordova.dialogs.Notification\" /></feature>",
              "count": 1
            },
            {
              "xml": "<feature name=\"File\"><param name=\"android-package\" value=\"org.apache.cordova.file.FileUtils\" /><param name=\"onload\" value=\"true\" /></feature>",
              "count": 1
            },
            {
              "xml": "<allow-navigation href=\"cdvfile:*\" />",
              "count": 1
            },
            {
              "xml": "<feature name=\"FileTransfer\"><param name=\"android-package\" value=\"org.apache.cordova.filetransfer.FileTransfer\" /></feature>",
              "count": 1
            },
            {
              "xml": "<feature name=\"FilePath\"><param name=\"android-package\" value=\"com.hiddentao.cordova.filepath.FilePath\" /><param name=\"onload\" value=\"true\" /></feature>",
              "count": 1
            },
            {
              "xml": "<feature name=\"Media\"><param name=\"android-package\" value=\"org.apache.cordova.media.AudioHandler\" /></feature>",
              "count": 1
            },
            {
              "xml": "<feature name=\"NativeAudio\"><param name=\"android-package\" value=\"com.rjfun.cordova.plugin.nativeaudio.NativeAudio\" /></feature>",
              "count": 1
            },
            {
              "xml": "<feature name=\"SplashScreen\"><param name=\"android-package\" value=\"org.apache.cordova.splashscreen.SplashScreen\" /><param name=\"onload\" value=\"true\" /></feature>",
              "count": 1
            },
            {
              "xml": "<feature name=\"Whitelist\"><param name=\"android-package\" value=\"org.apache.cordova.whitelist.WhitelistPlugin\" /><param name=\"onload\" value=\"true\" /></feature>",
              "count": 1
            },
            {
              "xml": "<feature name=\"Keyboard\"><param name=\"android-package\" value=\"io.ionic.keyboard.IonicKeyboard\" /><param name=\"onload\" value=\"true\" /></feature>",
              "count": 1
            },
            {
              "xml": "<feature name=\"OneSignalPush\"><param name=\"android-package\" value=\"com.plugin.gcm.OneSignalPush\" /></feature>",
              "count": 1
            }
          ]
        }
      },
      "AndroidManifest.xml": {
        "parents": {
          "/*": [
            {
              "xml": "<uses-permission android:name=\"android.permission.WRITE_EXTERNAL_STORAGE\" />",
              "count": 6
            },
            {
              "xml": "<uses-permission android:name=\"android.permission.READ_EXTERNAL_STORAGE\" />",
              "count": 1
            },
            {
              "xml": "<uses-permission android:name=\"android.permission.RECORD_AUDIO\" />",
              "count": 1
            },
            {
              "xml": "<uses-permission android:name=\"android.permission.MODIFY_AUDIO_SETTINGS\" />",
              "count": 2
            },
            {
              "xml": "<uses-permission android:name=\"android.permission.READ_PHONE_STATE\" />",
              "count": 2
            }
          ],
          "application": [
            {
              "xml": "<provider android:authorities=\"${applicationId}.provider\" android:exported=\"false\" android:grantUriPermissions=\"true\" android:name=\"android.support.v4.content.FileProvider\"><meta-data android:name=\"android.support.FILE_PROVIDER_PATHS\" android:resource=\"@xml/provider_paths\" /></provider>",
              "count": 1
            }
          ],
          "/manifest": [
            {
              "xml": "<uses-permission android:name=\"com.amazon.device.messaging.permission.RECEIVE\" />",
              "count": 1
            },
            {
              "xml": "<permission android:name=\"com.phomeworkapp.waku.phomework.permission.RECEIVE_ADM_MESSAGE\" android:protectionLevel=\"signature\" />",
              "count": 1
            },
            {
              "xml": "<uses-permission android:name=\"com.phomeworkapp.waku.phomework.permission.RECEIVE_ADM_MESSAGE\" />",
              "count": 1
            }
          ],
          "/manifest/application": [
            {
              "xml": "<amazon:enable-feature android:name=\"com.amazon.device.messaging\" android:required=\"false\" xmlns:amazon=\"http://schemas.amazon.com/apk/res/android\" />",
              "count": 1
            },
            {
              "xml": "<service android:exported=\"false\" android:name=\"com.onesignal.ADMMessageHandler\" />",
              "count": 1
            },
            {
              "xml": "<receiver android:name=\"com.onesignal.ADMMessageHandler$Receiver\" android:permission=\"com.amazon.device.messaging.permission.SEND\"><intent-filter><action android:name=\"com.amazon.device.messaging.intent.REGISTRATION\" /><action android:name=\"com.amazon.device.messaging.intent.RECEIVE\" /><category android:name=\"com.phomeworkapp.waku.phomework\" /></intent-filter></receiver>",
              "count": 1
            }
          ]
        }
      }
    }
  },
  "installed_plugins": {
    "cordova-plugin-actionsheet": {
      "PACKAGE_NAME": "com.phomeworkapp.waku.phomework"
    },
    "cordova-plugin-camera": {
      "PACKAGE_NAME": "com.phomeworkapp.waku.phomework"
    },
    "cordova-plugin-device": {
      "PACKAGE_NAME": "com.phomeworkapp.waku.phomework"
    },
    "cordova-plugin-dialogs": {
      "PACKAGE_NAME": "com.phomeworkapp.waku.phomework"
    },
    "cordova-plugin-file": {
      "PACKAGE_NAME": "com.phomeworkapp.waku.phomework"
    },
    "cordova-plugin-file-transfer": {
      "PACKAGE_NAME": "com.phomeworkapp.waku.phomework"
    },
    "cordova-plugin-filepath": {
      "PACKAGE_NAME": "com.phomeworkapp.waku.phomework"
    },
    "cordova-plugin-ionic-webview": {
      "PACKAGE_NAME": "com.phomeworkapp.waku.phomework"
    },
    "cordova-plugin-media": {
      "PACKAGE_NAME": "com.phomeworkapp.waku.phomework"
    },
    "cordova-plugin-nativeaudio": {
      "PACKAGE_NAME": "com.phomeworkapp.waku.phomework"
    },
    "cordova-plugin-splashscreen": {
      "PACKAGE_NAME": "com.phomeworkapp.waku.phomework"
    },
    "cordova-plugin-whitelist": {
      "PACKAGE_NAME": "com.phomeworkapp.waku.phomework"
    },
    "ionic-plugin-keyboard": {
      "PACKAGE_NAME": "com.phomeworkapp.waku.phomework"
    },
    "onesignal-cordova-plugin": {
      "PACKAGE_NAME": "com.phomeworkapp.waku.phomework"
    }
  },
  "dependent_plugins": {},
  "modules": [
    {
      "id": "cordova-plugin-actionsheet.ActionSheet",
      "file": "plugins/cordova-plugin-actionsheet/www/ActionSheet.js",
      "pluginId": "cordova-plugin-actionsheet",
      "clobbers": [
        "window.plugins.actionsheet"
      ]
    },
    {
      "id": "cordova-plugin-camera.Camera",
      "file": "plugins/cordova-plugin-camera/www/CameraConstants.js",
      "pluginId": "cordova-plugin-camera",
      "clobbers": [
        "Camera"
      ]
    },
    {
      "id": "cordova-plugin-camera.CameraPopoverOptions",
      "file": "plugins/cordova-plugin-camera/www/CameraPopoverOptions.js",
      "pluginId": "cordova-plugin-camera",
      "clobbers": [
        "CameraPopoverOptions"
      ]
    },
    {
      "id": "cordova-plugin-camera.camera",
      "file": "plugins/cordova-plugin-camera/www/Camera.js",
      "pluginId": "cordova-plugin-camera",
      "clobbers": [
        "navigator.camera"
      ]
    },
    {
      "id": "cordova-plugin-camera.CameraPopoverHandle",
      "file": "plugins/cordova-plugin-camera/www/CameraPopoverHandle.js",
      "pluginId": "cordova-plugin-camera",
      "clobbers": [
        "CameraPopoverHandle"
      ]
    },
    {
      "id": "cordova-plugin-device.device",
      "file": "plugins/cordova-plugin-device/www/device.js",
      "pluginId": "cordova-plugin-device",
      "clobbers": [
        "device"
      ]
    },
    {
      "id": "cordova-plugin-dialogs.notification",
      "file": "plugins/cordova-plugin-dialogs/www/notification.js",
      "pluginId": "cordova-plugin-dialogs",
      "merges": [
        "navigator.notification"
      ]
    },
    {
      "id": "cordova-plugin-dialogs.notification_android",
      "file": "plugins/cordova-plugin-dialogs/www/android/notification.js",
      "pluginId": "cordova-plugin-dialogs",
      "merges": [
        "navigator.notification"
      ]
    },
    {
      "id": "cordova-plugin-file.DirectoryEntry",
      "file": "plugins/cordova-plugin-file/www/DirectoryEntry.js",
      "pluginId": "cordova-plugin-file",
      "clobbers": [
        "window.DirectoryEntry"
      ]
    },
    {
      "id": "cordova-plugin-file.DirectoryReader",
      "file": "plugins/cordova-plugin-file/www/DirectoryReader.js",
      "pluginId": "cordova-plugin-file",
      "clobbers": [
        "window.DirectoryReader"
      ]
    },
    {
      "id": "cordova-plugin-file.Entry",
      "file": "plugins/cordova-plugin-file/www/Entry.js",
      "pluginId": "cordova-plugin-file",
      "clobbers": [
        "window.Entry"
      ]
    },
    {
      "id": "cordova-plugin-file.File",
      "file": "plugins/cordova-plugin-file/www/File.js",
      "pluginId": "cordova-plugin-file",
      "clobbers": [
        "window.File"
      ]
    },
    {
      "id": "cordova-plugin-file.FileEntry",
      "file": "plugins/cordova-plugin-file/www/FileEntry.js",
      "pluginId": "cordova-plugin-file",
      "clobbers": [
        "window.FileEntry"
      ]
    },
    {
      "id": "cordova-plugin-file.FileError",
      "file": "plugins/cordova-plugin-file/www/FileError.js",
      "pluginId": "cordova-plugin-file",
      "clobbers": [
        "window.FileError"
      ]
    },
    {
      "id": "cordova-plugin-file.FileReader",
      "file": "plugins/cordova-plugin-file/www/FileReader.js",
      "pluginId": "cordova-plugin-file",
      "clobbers": [
        "window.FileReader"
      ]
    },
    {
      "id": "cordova-plugin-file.FileSystem",
      "file": "plugins/cordova-plugin-file/www/FileSystem.js",
      "pluginId": "cordova-plugin-file",
      "clobbers": [
        "window.FileSystem"
      ]
    },
    {
      "id": "cordova-plugin-file.FileUploadOptions",
      "file": "plugins/cordova-plugin-file/www/FileUploadOptions.js",
      "pluginId": "cordova-plugin-file",
      "clobbers": [
        "window.FileUploadOptions"
      ]
    },
    {
      "id": "cordova-plugin-file.FileUploadResult",
      "file": "plugins/cordova-plugin-file/www/FileUploadResult.js",
      "pluginId": "cordova-plugin-file",
      "clobbers": [
        "window.FileUploadResult"
      ]
    },
    {
      "id": "cordova-plugin-file.FileWriter",
      "file": "plugins/cordova-plugin-file/www/FileWriter.js",
      "pluginId": "cordova-plugin-file",
      "clobbers": [
        "window.FileWriter"
      ]
    },
    {
      "id": "cordova-plugin-file.Flags",
      "file": "plugins/cordova-plugin-file/www/Flags.js",
      "pluginId": "cordova-plugin-file",
      "clobbers": [
        "window.Flags"
      ]
    },
    {
      "id": "cordova-plugin-file.LocalFileSystem",
      "file": "plugins/cordova-plugin-file/www/LocalFileSystem.js",
      "pluginId": "cordova-plugin-file",
      "clobbers": [
        "window.LocalFileSystem"
      ],
      "merges": [
        "window"
      ]
    },
    {
      "id": "cordova-plugin-file.Metadata",
      "file": "plugins/cordova-plugin-file/www/Metadata.js",
      "pluginId": "cordova-plugin-file",
      "clobbers": [
        "window.Metadata"
      ]
    },
    {
      "id": "cordova-plugin-file.ProgressEvent",
      "file": "plugins/cordova-plugin-file/www/ProgressEvent.js",
      "pluginId": "cordova-plugin-file",
      "clobbers": [
        "window.ProgressEvent"
      ]
    },
    {
      "id": "cordova-plugin-file.fileSystems",
      "file": "plugins/cordova-plugin-file/www/fileSystems.js",
      "pluginId": "cordova-plugin-file"
    },
    {
      "id": "cordova-plugin-file.requestFileSystem",
      "file": "plugins/cordova-plugin-file/www/requestFileSystem.js",
      "pluginId": "cordova-plugin-file",
      "clobbers": [
        "window.requestFileSystem"
      ]
    },
    {
      "id": "cordova-plugin-file.resolveLocalFileSystemURI",
      "file": "plugins/cordova-plugin-file/www/resolveLocalFileSystemURI.js",
      "pluginId": "cordova-plugin-file",
      "merges": [
        "window"
      ]
    },
    {
      "id": "cordova-plugin-file.isChrome",
      "file": "plugins/cordova-plugin-file/www/browser/isChrome.js",
      "pluginId": "cordova-plugin-file",
      "runs": true
    },
    {
      "id": "cordova-plugin-file.androidFileSystem",
      "file": "plugins/cordova-plugin-file/www/android/FileSystem.js",
      "pluginId": "cordova-plugin-file",
      "merges": [
        "FileSystem"
      ]
    },
    {
      "id": "cordova-plugin-file.fileSystems-roots",
      "file": "plugins/cordova-plugin-file/www/fileSystems-roots.js",
      "pluginId": "cordova-plugin-file",
      "runs": true
    },
    {
      "id": "cordova-plugin-file.fileSystemPaths",
      "file": "plugins/cordova-plugin-file/www/fileSystemPaths.js",
      "pluginId": "cordova-plugin-file",
      "merges": [
        "cordova"
      ],
      "runs": true
    },
    {
      "id": "cordova-plugin-file-transfer.FileTransferError",
      "file": "plugins/cordova-plugin-file-transfer/www/FileTransferError.js",
      "pluginId": "cordova-plugin-file-transfer",
      "clobbers": [
        "window.FileTransferError"
      ]
    },
    {
      "id": "cordova-plugin-file-transfer.FileTransfer",
      "file": "plugins/cordova-plugin-file-transfer/www/FileTransfer.js",
      "pluginId": "cordova-plugin-file-transfer",
      "clobbers": [
        "window.FileTransfer"
      ]
    },
    {
      "id": "cordova-plugin-filepath.FilePath",
      "file": "plugins/cordova-plugin-filepath/www/FilePath.js",
      "pluginId": "cordova-plugin-filepath",
      "clobbers": [
        "window.FilePath"
      ]
    },
    {
      "id": "cordova-plugin-media.MediaError",
      "file": "plugins/cordova-plugin-media/www/MediaError.js",
      "pluginId": "cordova-plugin-media",
      "clobbers": [
        "window.MediaError"
      ]
    },
    {
      "id": "cordova-plugin-media.Media",
      "file": "plugins/cordova-plugin-media/www/Media.js",
      "pluginId": "cordova-plugin-media",
      "clobbers": [
        "window.Media"
      ]
    },
    {
      "id": "cordova-plugin-nativeaudio.nativeaudio",
      "file": "plugins/cordova-plugin-nativeaudio/www/nativeaudio.js",
      "pluginId": "cordova-plugin-nativeaudio",
      "clobbers": [
        "window.plugins.NativeAudio"
      ]
    },
    {
      "id": "cordova-plugin-splashscreen.SplashScreen",
      "file": "plugins/cordova-plugin-splashscreen/www/splashscreen.js",
      "pluginId": "cordova-plugin-splashscreen",
      "clobbers": [
        "navigator.splashscreen"
      ]
    },
    {
      "id": "ionic-plugin-keyboard.keyboard",
      "file": "plugins/ionic-plugin-keyboard/www/android/keyboard.js",
      "pluginId": "ionic-plugin-keyboard",
      "clobbers": [
        "cordova.plugins.Keyboard"
      ],
      "runs": true
    },
    {
      "id": "onesignal-cordova-plugin.OneSignal",
      "file": "plugins/onesignal-cordova-plugin/www/OneSignal.js",
      "pluginId": "onesignal-cordova-plugin",
      "clobbers": [
        "OneSignal"
      ]
    }
  ],
  "plugin_metadata": {
    "cordova-plugin-actionsheet": "2.3.3",
    "cordova-plugin-camera": "2.4.1",
    "cordova-plugin-device": "1.1.4",
    "cordova-plugin-dialogs": "1.3.3",
    "cordova-plugin-file": "4.3.3",
    "cordova-plugin-file-transfer": "1.6.3",
    "cordova-plugin-filepath": "1.0.2",
    "cordova-plugin-ionic-webview": "1.1.16",
    "cordova-plugin-media": "3.0.1",
    "cordova-plugin-nativeaudio": "3.0.9",
    "cordova-plugin-splashscreen": "4.0.3",
    "cordova-plugin-whitelist": "1.3.1",
    "ionic-plugin-keyboard": "2.2.1",
    "onesignal-cordova-plugin": "2.2.2"
  }
}